{"cameraMode":{"drawMode":0,"name":"Shaded","section":"Shading Mode"},"sceneLighting":true,"audioPlay":false,"sceneViewState":{"showFog":true,"showMaterialUpdate":false,"showSkybox":true,"showFlares":true,"showImageEffects":true,"showParticleSystems":true},"in2DMode":false,"pivot":{"x":9.92244815826416,"y":0.2885875701904297,"z":3.7282371520996095},"rotation":{"x":-0.16392290592193604,"y":-0.08659280836582184,"z":0.01444663479924202,"w":-0.9825616478919983},"size":27.78069305419922,"orthographic":false}