{"cameraMode":{"drawMode":0,"name":"Shaded","section":"Shading Mode"},"sceneLighting":true,"audioPlay":false,"sceneViewState":{"showFog":true,"showMaterialUpdate":false,"showSkybox":true,"showFlares":true,"showImageEffects":true,"showParticleSystems":true},"in2DMode":false,"pivot":{"x":-4.928030014038086,"y":-0.8890829086303711,"z":1.9069976806640626},"rotation":{"x":-0.2862737774848938,"y":-0.20296283066272736,"z":0.06218637526035309,"w":-0.9343408942222595},"size":20.01385498046875,"orthographic":false}